id,workspace_id,user_id,twitter_id,text,source,retweet,geo,longitude,latitude,place_type,place_name,place_country_code,place_country,favorite_count,retweet_count,sentiment,possibly_sensitive,lang,posted_at,updated_at,created_at
11557,4,13,832057653333458944,El legendario Nokia 3310 resucitar√°https://t.co/CocltFMFvU,TweetDeck,false,false,,,,,,,401,283,,false,es,2017-02-16 02:42:58 +0000,2017-02-22 05:07:56 +0000,2017-02-22 05:07:56 +0000
10949,4,13,834262890840473605,'La La Land': ¬øv√≠ctima de su fama?  https://t.co/ye735CGip2,TweetDeck,false,false,,,,,,,39,17,,false,es,2017-02-22 04:45:47 +0000,2017-02-22 05:07:50 +0000,2017-02-22 05:07:50 +0000
10951,4,13,834267590776217600,Ahora puedes transferir dinero a otros pa√≠ses a trav√©s de Facebook https://t.co/2G66zQFs3v,TweetDeck,false,false,,,,,,,7,12,,false,es,2017-02-22 05:04:28 +0000,2017-02-22 05:07:50 +0000,2017-02-22 05:07:50 +0000
13949,4,13,840555156802539520,"¬øAtrapado en el tr√°fico? Este auto te llevar√° volando, literalmente https://t.co/juO8B2DbM9 https://t.co/s5HjTihRUJ",TweetDeck,false,false,,,,,,,42,27,,false,es,2017-03-11 13:29:00 +0000,2017-03-11 13:43:20 +0000,2017-03-11 13:43:20 +0000
14110,4,13,839992581396299777,üì∫  @alejosbotran: Es el estado de Guatemala el que fall√≥ | @RafaelRomoCNN,TweetDeck,false,false,,,,,,,35,21,,false,es,2017-03-10 00:13:32 +0000,2017-03-11 13:43:23 +0000,2017-03-11 13:43:23 +0000
13950,4,13,840547356571516928,Y el aeropuerto con m√°s pasajeros del mundo es... https://t.co/rl5eEXCfnb https://t.co/vak1rFLLEz,TweetDeck,false,false,,,,,,,42,60,,false,es,2017-03-11 12:58:01 +0000,2017-03-11 13:43:20 +0000,2017-03-11 13:43:20 +0000
10952,4,13,834251284303773702,Adolescente inspira la creaci√≥n de la primera mu√±eca transg√©nero https://t.co/U4jcmUw6rS https://t.co/SDpuRvU6qt,TweetDeck,false,false,,,,,,,56,36,,false,es,2017-02-22 03:59:40 +0000,2017-02-22 05:07:50 +0000,2017-02-22 05:07:50 +0000
10953,4,13,834257923555606528,La deuda de M√©xico amenaza con llegar al 51% del PIB https://t.co/lw2jcxJBEB,TweetDeck,false,false,,,,,,,39,52,,false,es,2017-02-22 04:26:03 +0000,2017-02-22 05:07:50 +0000,2017-02-22 05:07:50 +0000
10954,4,13,834255868438933504,Publican gu√≠as para implementar nuevo decreto de inmigraci√≥n y seguridad fronteriza https://t.co/acw0VFBE1h,TweetDeck,false,false,,,,,,,18,29,,false,es,2017-02-22 04:17:53 +0000,2017-02-22 05:07:50 +0000,2017-02-22 05:07:50 +0000
13953,4,13,840540056586715136,¬øQui√©n es responsable de la tragedia en #Guatemala? https://t.co/zZ0HrGOXve,TweetDeck,false,false,,,,,,,15,18,,false,es,2017-03-11 12:29:00 +0000,2017-03-11 13:43:20 +0000,2017-03-11 13:43:20 +0000
10955,4,13,834254085398417408,¬øQu√© nos dicen las caras de los robots sobre nosotros mismos? https://t.co/qb5Wfycwcf https://t.co/THa0c22guI,TweetDeck,false,false,,,,,,,30,11,,false,es,2017-02-22 04:10:48 +0000,2017-02-22 05:07:50 +0000,2017-02-22 05:07:50 +0000
10950,4,13,834268072647196672,Hace 52 a√±os muri√≥ Malcolm X https://t.co/S78E7cCmlS,TweetDeck,false,false,,,,,,,10,10,,false,es,2017-02-22 05:06:23 +0000,2017-02-22 05:07:50 +0000,2017-02-22 05:07:50 +0000
10956,4,13,834265494249172994,"Lin-Manuel Miranda, uno de los pocos latinos nominados al Oscar https://t.co/ibiyDzsHrM",TweetDeck,false,false,,,,,,,39,18,,false,es,2017-02-22 04:56:08 +0000,2017-02-22 05:07:50 +0000,2017-02-22 05:07:50 +0000
10957,4,13,834253137032658945,Semana decisiva para el f√∫tbol argentinohttps://t.co/BYul8DRGql,TweetDeck,false,false,,,,,,,30,16,,false,es,2017-02-22 04:07:02 +0000,2017-02-22 05:07:50 +0000,2017-02-22 05:07:50 +0000
13955,4,13,840502309972930560,Remez√≥n en Honduras por declaraciones de narcotraficante que se√±alan al expresidente Lobo https://t.co/YPAqe6Mi2Y,TweetDeck,false,false,,,,,,,24,25,,false,es,2017-03-11 09:59:01 +0000,2017-03-11 13:43:20 +0000,2017-03-11 13:43:20 +0000
14111,4,13,839987386675265536,Videgaray: Solamente M√©xico decide qui√©n entra al pa√≠shttps://t.co/bhDNYpGoev,TweetDeck,false,false,,,,,,,41,27,,false,es,2017-03-09 23:52:53 +0000,2017-03-11 13:43:23 +0000,2017-03-11 13:43:23 +0000
11102,4,13,833770870573260801,√öLTIMA HORA Trump nombra al general H.R. McMaster como consejero de Seguridad Nacionalhttps://t.co/N8WTVwa4oO,TweetDeck,false,false,,,,,,,71,69,,false,es,2017-02-20 20:10:40 +0000,2017-02-22 05:07:52 +0000,2017-02-22 05:07:52 +0000
13952,4,13,840517410394267648,Tal vez te lo has preguntado alguna vez: C√≥mo beber vino sin quitarle el corcho https://t.co/Q3JKMPXMgE,TweetDeck,false,false,,,,,,,57,44,,false,es,2017-03-11 10:59:01 +0000,2017-03-11 13:43:20 +0000,2017-03-11 13:43:20 +0000
11107,4,13,833762416966107136,7 lugares para pasar unas vacaciones de lujo en M√©xicohttps://t.co/mUBt9n2BzS https://t.co/LQnGizqXt8,TweetDeck,false,false,,,,,,,152,120,,false,es,2017-02-20 19:37:05 +0000,2017-02-22 05:07:52 +0000,2017-02-22 05:07:52 +0000
13951,4,13,840532507330265088,Conoce la divisi√≥n supersecreta que se encarga de la investigaci√≥n sobre #Rusia https://t.co/Ja8NqItHcu,TweetDeck,false,false,,,,,,,21,19,,false,es,2017-03-11 11:59:00 +0000,2017-03-11 13:43:20 +0000,2017-03-11 13:43:20 +0000
13956,4,13,840524960988782594,El aviso de privacidad en tu perfil de Facebook y otras historias falsas que se niegan a desaparecer‚Ä¶ https://t.co/NmVfzmaShD,TweetDeck,false,false,,,,,,,34,46,,false,es,2017-03-11 11:29:01 +0000,2017-03-11 13:43:20 +0000,2017-03-11 13:43:20 +0000
10960,4,13,834248567896289281,El objetivo de la visita de Macri en Espa√±a: recuperar las inversiones espa√±olas https://t.co/U6kxyhvdVa,TweetDeck,false,false,,,,,,,53,31,,false,es,2017-02-22 03:48:52 +0000,2017-02-22 05:07:50 +0000,2017-02-22 05:07:50 +0000
10961,4,13,834242041899057153,üì∫  @Edu_Bonilla: Es primera vez que este gobierno enfrenta a un candidato que lo obliga a ir a segunda vuelta | @soyfdelrincon #concluVOTOEC,TweetDeck,false,false,,,,,,,167,203,,false,es,2017-02-22 03:22:56 +0000,2017-02-22 05:07:50 +0000,2017-02-22 05:07:50 +0000
10958,4,13,834256949466296320,Brillo y baile en el segundo d√≠a del Festival de Vi√±a del Marhttps://t.co/pnhZR2hK2H @MarielaCNN,TweetDeck,false,false,,,,,,,68,27,,false,es,2017-02-22 04:22:11 +0000,2017-02-22 05:07:50 +0000,2017-02-22 05:07:50 +0000
14420,4,13,838968965938425856,Adele confirm√≥ que est√° casadahttps://t.co/35sRsipA7P,TweetDeck,false,false,,,,,,,124,42,,false,es,2017-03-07 04:26:03 +0000,2017-03-11 13:43:26 +0000,2017-03-11 13:43:26 +0000
13957,4,13,840487212248530944,"¬øQui√©nes tienen m√°s orgasmos, qui√©nes menos y por qu√©? https://t.co/BwX4wqyyum https://t.co/NE5vCbP2Qm",TweetDeck,false,false,,,,,,,54,21,,false,es,2017-03-11 08:59:01 +0000,2017-03-11 13:43:20 +0000,2017-03-11 13:43:20 +0000
11307,4,13,833033345411878913,Un muerto y 19 heridos por accidente de tren en B√©lgica https://t.co/7dOSgJBHen https://t.co/kMVUR8WiDk,TweetDeck,false,false,,,,,,,43,24,,false,es,2017-02-18 19:20:01 +0000,2017-02-22 05:07:53 +0000,2017-02-22 05:07:53 +0000
10959,4,13,834248552494747648,RT @aristeguicnn: Jacinta Francisco y Mario Patr√≥n hablan sobre las disculpas de la PGR con las ind√≠genas encarceladas injustamente | @CNNE‚Ä¶,TweetDeck,true,false,,,,,,,0,95,,false,es,2017-02-22 03:48:49 +0000,2017-02-22 05:07:50 +0000,2017-02-22 05:07:50 +0000
14074,4,13,840085813467713536,El estreno de la temporada 7 de 'Game of Thrones' ya tiene fecha https://t.co/n0ygxUJnVN,TweetDeck,false,false,,,,,,,91,62,,false,es,2017-03-10 06:24:00 +0000,2017-03-11 13:43:22 +0000,2017-03-11 13:43:22 +0000
13958,4,13,840509858810089475,Un pasajero caus√≥ el desv√≠o de un avi√≥n... luego de que le cobraran 12 d√≥lares por una cobija https://t.co/gJSPhg6jnl,TweetDeck,false,false,,,,,,,49,38,,false,es,2017-03-11 10:29:00 +0000,2017-03-11 13:43:21 +0000,2017-03-11 13:43:20 +0000
10963,4,13,834240281641902080,"#EcuadorVoto2017 Escrutado: 97,3% Len√≠n Moreno: 39,32% Guillermo Lasso 28,23% https://t.co/Ef4PG4zy8X",TweetDeck,false,false,,,,,,,150,247,,false,es,2017-02-22 03:15:57 +0000,2017-02-22 05:07:50 +0000,2017-02-22 05:07:50 +0000
10964,4,13,834241534824501248,Los Cuates de Sinaloa relatan c√≥mo es tocar en fiestas de narcoshttps://t.co/PXTuMxxwUi @camilocnn,TweetDeck,false,false,,,,,,,93,56,,false,es,2017-02-22 03:20:56 +0000,2017-02-22 05:07:50 +0000,2017-02-22 05:07:50 +0000
10962,4,13,834241362505641985,RT @CNNVenezuela: As√≠ aument√≥ la desnutrici√≥n en #Venezuela con la escasez de alimentos. Informe de @osmarycnn  https://t.co/lCMVR5SQw9,TweetDeck,true,false,,,,,,,0,275,,false,es,2017-02-22 03:20:14 +0000,2017-02-22 05:07:50 +0000,2017-02-22 05:07:50 +0000
13954,4,13,840494254615076864,¬øLe queda alg√∫n amigo al solitario Corea del Norte? https://t.co/SvE30MFeqL https://t.co/4ey2T1xLqm,TweetDeck,false,false,,,,,,,25,13,,false,es,2017-03-11 09:27:00 +0000,2017-03-11 13:43:21 +0000,2017-03-11 13:43:20 +0000
10965,4,13,834239480664096768,üì∫  @edu_bonilla: No hay ninguna confusi√≥n: hay segunda vuelta | @soyfdelrincon #concluVOTOEC,TweetDeck,false,false,,,,,,,190,266,,false,es,2017-02-22 03:12:46 +0000,2017-02-22 05:07:50 +0000,2017-02-22 05:07:50 +0000
10967,4,13,834238828550451200,RT @cnneeradio: Ronda Deportiva: el Atl√©tico de Madrid da un paso fundamental y m√°s de la Liga de Campeones https://t.co/YPaa1nHIlr V√≠a @lg‚Ä¶,TweetDeck,true,false,,,,,,,0,9,,false,es,2017-02-22 03:10:10 +0000,2017-02-22 05:07:50 +0000,2017-02-22 05:07:50 +0000
13960,4,13,840482207173115904,A 13 a√±os del 11-M: Espa√±a recuerda los peores atentados de su historia https://t.co/6Yt33Zv98e https://t.co/dArEUdOWfR,TweetDeck,false,false,,,,,,,32,54,,false,es,2017-03-11 08:39:08 +0000,2017-03-11 13:43:21 +0000,2017-03-11 13:43:21 +0000
10968,4,13,834237642338336768,"RT @CNNVenezuela: Si est√°s en Venezuela, mira #ConclusionesCNN con @soyfdelrincon en vivo aqu√≠: https://t.co/xwbwWVvOWg https://t.co/JzBrQF‚Ä¶",TweetDeck,true,false,,,,,,,0,225,,false,es,2017-02-22 03:05:27 +0000,2017-02-22 05:07:50 +0000,2017-02-22 05:07:50 +0000
13959,4,13,840479658093211650,#PorSiNoLoViste La historia detr√°s de la entrevista viral m√°s graciosa del a√±o https://t.co/LID6wunjJH https://t.co/vhrv1diTKU,TweetDeck,false,false,,,,,,,60,33,,false,es,2017-03-11 08:29:00 +0000,2017-03-11 13:43:21 +0000,2017-03-11 13:43:21 +0000
10969,4,13,834234808184225792,Los mejores cruceros para el 2017 https://t.co/372WVNbp3C https://t.co/rtzhm4UEvm,TweetDeck,false,false,,,,,,,114,65,,false,es,2017-02-22 02:54:12 +0000,2017-02-22 05:07:50 +0000,2017-02-22 05:07:50 +0000
10966,4,13,834240006977945600,üì∫  @Edu_Bonilla: Dos de cada tres ecuatorianos vot√≥ en contra del continuismo | @soyfdelrincon #concluVOTOEC,TweetDeck,false,false,,,,,,,164,206,,false,es,2017-02-22 03:14:51 +0000,2017-02-22 05:07:50 +0000,2017-02-22 05:07:50 +0000
10970,4,13,834229374371110912,"#EcuadorVoto2017 Escrutado: 97,2% Len√≠n Moreno: 39,31% Guillermo Lasso 28,24% https://t.co/Ef4PG4zy8X",TweetDeck,false,false,,,,,,,182,372,,false,es,2017-02-22 02:32:36 +0000,2017-02-22 05:07:51 +0000,2017-02-22 05:07:50 +0000
13961,4,13,840472109965008896,Madres de v√≠ctimas: ¬øpor qu√© nadie abri√≥ el m√≥dulo incendiado?https://t.co/Gv9z6535Ll,TweetDeck,false,false,,,,,,,22,23,,false,es,2017-03-11 07:59:00 +0000,2017-03-11 13:43:21 +0000,2017-03-11 13:43:21 +0000
10971,4,13,834227429577224192,¬øTienen algo que ver los disturbios en Suecia con las declaraciones de Trump? https://t.co/NnxG4wQCxt,TweetDeck,false,false,,,,,,,48,31,,false,es,2017-02-22 02:24:53 +0000,2017-02-22 05:07:51 +0000,2017-02-22 05:07:51 +0000
10972,4,13,834225389358764033,Ecuatorianos impacientes exigen al CNE los resultados de la elecci√≥nhttps://t.co/7qZgyrScEz,TweetDeck,false,false,,,,,,,205,327,,false,es,2017-02-22 02:16:46 +0000,2017-02-22 05:07:51 +0000,2017-02-22 05:07:51 +0000
13962,4,13,840470602792108033,La NASA logr√≥ localizar la desaparecida sonda lunar Chandrayaan-1 https://t.co/aazgMaA4vT,TweetDeck,false,false,,,,,,,53,27,,false,es,2017-03-11 07:53:01 +0000,2017-03-11 13:43:21 +0000,2017-03-11 13:43:21 +0000
10974,4,13,834213390444806144,".@JuanPabloPozoB: ""Tendencias se mantienen, resultados siguen teniendo la misma l√≥gica"" |Entrevista https://t.co/Ef4PG4zy8X @patriciajaniot",TweetDeck,false,false,,,,,,,80,114,,false,es,2017-02-22 01:29:05 +0000,2017-02-22 05:07:51 +0000,2017-02-22 05:07:51 +0000
10975,4,13,834208084411154433,"#EcuadorVoto2017 Escrutado: 96,9% Len√≠n Moreno: 39,29% Guillermo Lasso 28,26% https://t.co/Ef4PG4zy8X",TweetDeck,false,false,,,,,,,136,272,,false,es,2017-02-22 01:08:00 +0000,2017-02-22 05:07:51 +0000,2017-02-22 05:07:51 +0000
13963,4,13,840426811926310912,#Video As√≠ fue como un fuerte viento casi se lleva a una ni√±a https://t.co/8Bk8225nqI,TweetDeck,false,false,,,,,,,72,42,,false,es,2017-03-11 04:59:00 +0000,2017-03-11 13:43:21 +0000,2017-03-11 13:43:21 +0000
13964,4,13,840438137729953792,"Deponen a la presidenta de Corea del Sur, ¬øahora qu√© pasar√°? https://t.co/bpWOyraEO6",TweetDeck,false,false,,,,,,,50,53,,false,es,2017-03-11 05:44:01 +0000,2017-03-11 13:43:21 +0000,2017-03-11 13:43:21 +0000
10976,4,13,834202449095311364,RT @CNNVenezuela: La Asamblea Nacional de Venezuela aprob√≥ un acuerdo en rechazo a censura a los medios de comunicaci√≥n https://t.co/vsocTH‚Ä¶,TweetDeck,true,false,,,,,,,0,349,,false,es,2017-02-22 00:45:37 +0000,2017-02-22 05:07:51 +0000,2017-02-22 05:07:51 +0000
14081,4,13,840066942987718656,¬°Fiesta en la bolsa de valores!: ocho a√±os de mercado alcista https://t.co/YMam2Q5HIa,TweetDeck,false,false,,,,,,,34,32,,false,es,2017-03-10 05:09:01 +0000,2017-03-11 13:43:22 +0000,2017-03-11 13:43:22 +0000
13965,4,13,840423983262683136,.@jimmymoralesgt: El sistema de protecci√≥n a la ni√±ez debe enfrentar una reforma importantehttps://t.co/ghXk2jbWQe @soyfdelrincon,TweetDeck,false,false,,,,,,,46,28,,false,es,2017-03-11 04:47:46 +0000,2017-03-11 13:43:21 +0000,2017-03-11 13:43:21 +0000
10980,4,13,834217279449624576,12 √≥rdenes ejecutivas ha firmado Donald Trump desde que tom√≥ juramentohttps://t.co/8T4rCy6Jp0 @CNNDUSA,TweetDeck,false,false,,,,,,,31,28,,false,es,2017-02-22 01:44:33 +0000,2017-02-22 05:07:51 +0000,2017-02-22 05:07:51 +0000
10978,4,13,834199954201657344,Asamblea Nacional de Venezuela aprueba acuerdo en rechazo a censura a medios https://t.co/wyB4j5tteq,TweetDeck,false,false,,,,,,,102,96,,false,es,2017-02-22 00:35:42 +0000,2017-02-22 05:07:51 +0000,2017-02-22 05:07:51 +0000
10977,4,13,834212332834324481,"CNE de Ecuador: ""No es posible un cambio de tendencia"" https://t.co/Ef4PG4zy8X",TweetDeck,false,false,,,,,,,140,212,,false,es,2017-02-22 01:24:53 +0000,2017-02-22 05:07:51 +0000,2017-02-22 05:07:51 +0000
10973,4,13,834217489466810369,Inmigraci√≥n: de la idea a la acci√≥nhttps://t.co/eDBT3Eq7Og @CNNDUSA,TweetDeck,false,false,,,,,,,24,27,,false,es,2017-02-22 01:45:23 +0000,2017-02-22 05:07:51 +0000,2017-02-22 05:07:51 +0000
11377,4,13,832706412073590784,Aprende a proteger tu celular de agentes de inmigraci√≥n si viajas a Estados Unidos https://t.co/648yQJxxbd,TweetDeck,false,false,,,,,,,152,156,,false,es,2017-02-17 21:40:54 +0000,2017-02-22 05:07:54 +0000,2017-02-22 05:07:54 +0000
11094,4,13,833830258201735168,"Si est√°s en Venezuela, mira #PanoramaMundial con @patriciajaniot en vivo aqu√≠: https://t.co/BRvNAcx3aB https://t.co/MKYjW8OONe",TweetDeck,false,false,,,,,,,155,167,,false,es,2017-02-21 00:06:40 +0000,2017-02-22 05:07:52 +0000,2017-02-22 05:07:52 +0000
10981,4,13,834198006618550273,üì∫ @JuanPabloPozoB: No es un proceso nuevo; en la parte final se hace m√°s lento. No es mala organizaci√≥n | @patriciajaniot #JaniotPregunta,TweetDeck,false,false,,,,,,,28,33,,false,es,2017-02-22 00:27:58 +0000,2017-02-22 05:07:51 +0000,2017-02-22 05:07:51 +0000
10979,4,13,834201872894480389,Colombia: asesinato de l√≠deres sociales aument√≥ 27% en el 2016 https://t.co/OgaNs0Nzvq,TweetDeck,false,false,,,,,,,35,67,,false,es,2017-02-22 00:43:19 +0000,2017-02-22 05:07:51 +0000,2017-02-22 05:07:51 +0000
10983,4,13,834196195060887552,üì∫ @JuanPabloPozoB: Falta un peque√±o porcentaje de escrutinio; lo daremos con responsabilidad | @patriciajaniot #JaniotPregunta,TweetDeck,false,false,,,,,,,28,36,,false,es,2017-02-22 00:20:46 +0000,2017-02-22 05:07:51 +0000,2017-02-22 05:07:51 +0000
10982,4,13,834196746230173696,üì∫ @JuanPabloPozoB: No podemos dar resultados en base a presiones | @patriciajaniot #JaniotPregunta,TweetDeck,false,false,,,,,,,25,39,,false,es,2017-02-22 00:22:57 +0000,2017-02-22 05:07:51 +0000,2017-02-22 05:07:51 +0000
11420,4,13,832567783183495168,La pol√©mica entre la venta de armas y la salud mental en EE.UU.https://t.co/8tsVlwIMDI @gustavocnn,TweetDeck,false,false,,,,,,,43,62,,false,es,2017-02-17 12:30:02 +0000,2017-02-22 05:07:54 +0000,2017-02-22 05:07:54 +0000
13967,4,13,840434359932989440,Presentan proyecto para que 'call centers' tercerizados en otros pa√≠ses vuelvan a EE.UU. https://t.co/wd1TeCiauG,TweetDeck,false,false,,,,,,,43,52,,false,es,2017-03-11 05:29:00 +0000,2017-03-11 13:43:21 +0000,2017-03-11 13:43:21 +0000
10986,4,13,834196262224293888,üì∫ @JuanPabloPozoB: Entre hoy y ma√±ana se conocer√°n los resultados finales | @patriciajaniot #JaniotPregunta,TweetDeck,false,false,,,,,,,37,61,,false,es,2017-02-22 00:21:02 +0000,2017-02-22 05:07:51 +0000,2017-02-22 05:07:51 +0000
10984,4,13,834195591248826368,üì∫  @JuanPabloPozoB: Nuevo sistema de escrutinio ha sido un √©xito | @patriciajaniot #JaniotPregunta,TweetDeck,false,false,,,,,,,19,32,,false,es,2017-02-22 00:18:22 +0000,2017-02-22 05:07:51 +0000,2017-02-22 05:07:51 +0000
13966,4,13,840430588515430400,¬ø@Ibra_official a la MLS? https://t.co/BRYSxvJoX8 https://t.co/FSgRQgZ83S,TweetDeck,false,false,,,,,,,39,19,,false,en,2017-03-11 05:14:01 +0000,2017-03-11 13:43:21 +0000,2017-03-11 13:43:21 +0000
10985,4,13,834195887404482560,üì∫ @JuanPabloPozoB: En Ecuador no hab√≠a ese tipo de respuesta en escrutinio; ahora estamos en segunda fase | @patriciajaniot #JaniotPregunta,TweetDeck,false,false,,,,,,,29,35,,false,es,2017-02-22 00:19:32 +0000,2017-02-22 05:07:51 +0000,2017-02-22 05:07:51 +0000
13969,4,13,840419086471438336,La imagen del d√≠a: una cascada congelada de 30 metros de altura en Chinahttps://t.co/iRD1m0lScn,TweetDeck,false,false,,,,,,,140,73,,false,es,2017-03-11 04:28:19 +0000,2017-03-11 13:43:21 +0000,2017-03-11 13:43:21 +0000
10988,4,13,834184945371320320,El presidente de este pa√≠s prohibir√≠a la pizza hawaiana https://t.co/2lvssAMiLX https://t.co/3dyuWIc9es,TweetDeck,false,false,,,,,,,126,96,,false,es,2017-02-21 23:36:04 +0000,2017-02-22 05:07:51 +0000,2017-02-22 05:07:51 +0000
10987,4,13,834186235992223744,"Para ti, la pizza hawaiana es ___________ https://t.co/2lvssAMiLX",TweetDeck,false,false,,,,,,,75,42,,false,es,2017-02-21 23:41:11 +0000,2017-02-22 05:07:51 +0000,2017-02-22 05:07:51 +0000
13970,4,13,840419261017444352,¬øSabes cu√°l es el truco para acordarse de todo? https://t.co/ANgCDG3uiv,TweetDeck,false,false,,,,,,,275,157,,false,es,2017-03-11 04:29:00 +0000,2017-03-11 13:43:21 +0000,2017-03-11 13:43:21 +0000
10990,4,13,834163758742327296,.@DHSgov emiti√≥ nuevas directrices sobre #inmigraci√≥n ¬øCu√°les son los cambios? Lo explicamos en @CNNDUSA 6pmET https://t.co/DJ102d79je,TweetDeck,false,false,,,,,,,24,23,,false,es,2017-02-21 22:11:52 +0000,2017-02-22 05:07:51 +0000,2017-02-22 05:07:51 +0000
10989,4,13,834173695820234752,¬øConspir√≥ Neymar con el Bar√ßa?https://t.co/ns69zAx9XT @lgbucciCNN,TweetDeck,false,false,,,,,,,49,30,,false,es,2017-02-21 22:51:21 +0000,2017-02-22 05:07:51 +0000,2017-02-22 05:07:51 +0000
10992,4,13,834160779880456192,"Beckenbauer, investigado por pagos dudososhttps://t.co/GzyYiJ6IKD",TweetDeck,false,false,,,,,,,49,40,,false,es,2017-02-21 22:00:02 +0000,2017-02-22 05:07:51 +0000,2017-02-22 05:07:51 +0000
10991,4,13,834167116278407168,M√°s de 70 cad√°veres de inmigrantes llegan a la costa de Libia https://t.co/qQQWT0ijLp https://t.co/GEA0PDfqu7,TweetDeck,false,false,,,,,,,84,181,,false,es,2017-02-21 22:25:13 +0000,2017-02-22 05:07:51 +0000,2017-02-22 05:07:51 +0000
10993,4,13,834144370790133761,Marchas a favor de la reelecci√≥n de Evo Moraleshttps://t.co/lhvtg4GonW,TweetDeck,false,false,,,,,,,35,29,,false,es,2017-02-21 20:54:50 +0000,2017-02-22 05:07:51 +0000,2017-02-22 05:07:51 +0000
13972,4,13,840415727651819520,El Vaticano har√° una donaci√≥n de 100.000 euros para los pobres de Aleppo https://t.co/PkoqFoQ3Wd,TweetDeck,false,false,,,,,,,228,103,,false,es,2017-03-11 04:14:58 +0000,2017-03-11 13:43:21 +0000,2017-03-11 13:43:21 +0000
10994,4,13,834155681800417280,Rep√∫blica Dominicana recibir√≠a antes de Brasil informaci√≥n sobre Odebrecht https://t.co/v6USgpvAni,TweetDeck,false,false,,,,,,,62,95,,false,es,2017-02-21 21:39:47 +0000,2017-02-22 05:07:51 +0000,2017-02-22 05:07:51 +0000
13968,4,13,840420318833434624,RT @cnnenmarcha: La fiesta mexicana en el festival SXSWhttps://t.co/XXmrEst3gT,TweetDeck,true,false,,,,,,,0,3,,false,es,2017-03-11 04:33:12 +0000,2017-03-11 13:43:21 +0000,2017-03-11 13:43:21 +0000
10995,4,13,834143470361120768,√öLTIMA HORA Polic√≠a de Houston dice que por el momento no hay heridos en el tiroteo del hospital Ben Taub https://t.co/GOVOoA0AfE,TweetDeck,false,false,,,,,,,80,153,,false,es,2017-02-21 20:51:15 +0000,2017-02-22 05:07:51 +0000,2017-02-22 05:07:51 +0000
10997,4,13,834135091328774144,Una ni√±a de 11 a√±os habr√≠a sido violada por un menor de 12 a√±os en Colombiahttps://t.co/OuC7hYv5YQ https://t.co/xI6n5XH9Oe,TweetDeck,false,false,,,,,,,47,30,,false,es,2017-02-21 20:17:57 +0000,2017-02-22 05:07:51 +0000,2017-02-22 05:07:51 +0000
10996,4,13,834136600909058052,√öLTIMA HORA Polic√≠a de Houston responde a reportes de disparos en hospitalhttps://t.co/GOVOoA0AfE https://t.co/hxc1x6XwmN,TweetDeck,false,false,,,,,,,73,155,,false,es,2017-02-21 20:23:57 +0000,2017-02-22 05:07:51 +0000,2017-02-22 05:07:51 +0000
13975,4,13,840413747915182080,La divisi√≥n supersecreta que se encarga de la investigaci√≥n sobre Rusia https://t.co/Ja8NqItHcu https://t.co/4OR8xEkiFN,TweetDeck,false,false,,,,,,,40,17,,false,es,2017-03-11 04:07:06 +0000,2017-03-11 13:43:21 +0000,2017-03-11 13:43:21 +0000
13976,4,13,840411192829067267,[Entrevista] @jimmymoralesgt: Podemos decir que el Estado es responsable de la tragediahttps://t.co/Kr3VN35Zwm @soyfdelrincon,TweetDeck,false,false,,,,,,,60,44,,false,es,2017-03-11 03:56:57 +0000,2017-03-11 13:43:21 +0000,2017-03-11 13:43:21 +0000
11000,4,13,834128315044737024,ADVERTENCIA: IM√ÅGENES FUERTES El dram√°tico rescate de una ni√±a siria bajo escombros: https://t.co/7lFmVSw7nR https://t.co/qC0ZnUvB6o,Twitter Web Client,false,false,,,,,,,87,99,,false,es,2017-02-21 19:51:02 +0000,2017-02-22 05:07:51 +0000,2017-02-22 05:07:51 +0000
13973,4,13,840414441904713732,"Braulio le canta al amor homosexual en ""Siete d√©cadas""https://t.co/PWNlGyasnd @camilocnn",TweetDeck,false,false,,,,,,,28,13,,false,es,2017-03-11 04:09:51 +0000,2017-03-11 13:43:21 +0000,2017-03-11 13:43:21 +0000
13977,4,13,840412117304037376,#concluHOGARGUATE tambi√©n es TT a nivel mundial. Sigue participando  | @soyfdelrincon https://t.co/Kr3VN35Zwm https://t.co/2gnqBF9YiH,TweetDeck,false,false,,,,,,,66,35,,false,es,2017-03-11 04:00:37 +0000,2017-03-11 13:43:21 +0000,2017-03-11 13:43:21 +0000
13974,4,13,840423037216391168,As√≠ va el esc√°ndalo por las fotos expl√≠citas de mujeres de las Fuerzas Armadas de EE.UU. https://t.co/O82NYC1u0x,TweetDeck,false,false,,,,,,,60,42,,false,es,2017-03-11 04:44:01 +0000,2017-03-11 13:43:21 +0000,2017-03-11 13:43:21 +0000
11001,4,13,834121283109523456,Este es el pa√≠s que exporta m√°s armas a nivel mundialhttps://t.co/gspS3m74OY,TweetDeck,false,false,,,,,,,38,60,,false,es,2017-02-21 19:23:05 +0000,2017-02-22 05:07:51 +0000,2017-02-22 05:07:51 +0000
11002,4,13,834113509248086016,"Contin√∫a el misterio de la muerte de Kim Jong-nam, hermano del l√≠der de Corea del Norte Kim Jong-un‚Ä¶ https://t.co/7pnu1Ga6BW",Twitter Web Client,false,false,,,,,,,55,42,,false,es,2017-02-21 18:52:12 +0000,2017-02-22 05:07:51 +0000,2017-02-22 05:07:51 +0000
13971,4,13,840417242739331072,[Entrevista] @jimmymoralesgt: El Ministerio P√∫blico tiene m√°s de un mill√≥n de casos sin resolverhttps://t.co/VR68cqzEG5 @soyfdelrincon,TweetDeck,false,false,,,,,,,43,39,,false,es,2017-03-11 04:20:59 +0000,2017-03-11 13:43:21 +0000,2017-03-11 13:43:21 +0000
11431,4,13,832460823150882816,American Girl lanza su primer mu√±eco var√≥nhttps://t.co/PrRiYInb3c,TweetDeck,false,false,,,,,,,68,27,,false,es,2017-02-17 05:25:01 +0000,2017-02-22 05:07:55 +0000,2017-02-22 05:07:55 +0000
11003,4,13,834112738880323589,Cuba no autoriza a expresidente mexicano Felipe Calderon entrar al pa√≠shttps://t.co/rQfXJfKfUH https://t.co/5o0RPuQBs7,TweetDeck,false,false,,,,,,,174,216,,false,es,2017-02-21 18:49:08 +0000,2017-02-22 05:07:51 +0000,2017-02-22 05:07:51 +0000
11004,4,13,834138797541642240,"Es igual de reservada que la primera dama, pero en sus redes muestra algo de la vida √≠ntima de los Trump https://t.co/faaIWzktFv",TweetDeck,false,false,,,,,,,47,24,,false,es,2017-02-21 20:32:41 +0000,2017-02-22 05:07:51 +0000,2017-02-22 05:07:51 +0000
10998,4,13,834126702049685504,"CNE de Ecuador: ""No se le ha quitado, ni se le ha puesto un voto a ning√∫n candidato""https://t.co/geqliuOEBX",TweetDeck,false,false,,,,,,,60,68,,false,es,2017-02-21 19:44:37 +0000,2017-02-22 05:07:51 +0000,2017-02-22 05:07:51 +0000
11005,4,13,834098428485464066,5 muertos al estrellarse una avioneta en un centro comercial en Australiahttps://t.co/J2VpATYFkq https://t.co/qhj9BbCQGQ,TweetDeck,false,false,,,,,,,57,90,,false,es,2017-02-21 17:52:16 +0000,2017-02-22 05:07:51 +0000,2017-02-22 05:07:51 +0000
13979,4,13,840407289785925632,"üì∫ @jimmymoralesgt: Se tomaron medidas de seguridad necesarias, incluida la llave | @soyfdelrincon #concluHOGARGUATE",TweetDeck,false,false,,,,,,,46,32,,false,es,2017-03-11 03:41:26 +0000,2017-03-11 13:43:21 +0000,2017-03-11 13:43:21 +0000
11008,4,13,834090511275327488,El dram√°tico rescate de una ni√±a siria bajo escombroshttps://t.co/7lFmVSw7nR https://t.co/z09FypkHWS,TweetDeck,false,false,,,,,,,142,206,,false,es,2017-02-21 17:20:49 +0000,2017-02-22 05:07:51 +0000,2017-02-22 05:07:51 +0000
11006,4,13,834097009120464896,"¬øTienes trastorno por estr√©s postelectoral? S√≠, es un diagn√≥stico real y afecta a muchos https://t.co/jqzOcxAwN8 https://t.co/ozA3VB3gN8",TweetDeck,false,false,,,,,,,95,75,,false,es,2017-02-21 17:46:38 +0000,2017-02-22 05:07:51 +0000,2017-02-22 05:07:51 +0000
10999,4,13,834128005630918656,Esto contempla el nuevo decreto ejecutivo de inmigraci√≥n firmado por Trumphttps://t.co/IT2RKDDFaw,TweetDeck,false,false,,,,,,,45,49,,false,es,2017-02-21 19:49:48 +0000,2017-02-22 05:07:51 +0000,2017-02-22 05:07:51 +0000
11007,4,13,834095425678430208,Alerta en Paraguay por ataques de langostashttps://t.co/XFkkUAUYbz https://t.co/6ZXrn3a66J,TweetDeck,false,false,,,,,,,100,246,,false,es,2017-02-21 17:40:20 +0000,2017-02-22 05:07:51 +0000,2017-02-22 05:07:51 +0000
13980,4,13,840408100884619270,üì∫ @jimmymoralesgt: El sistema de protecci√≥n a la ni√±ez y de justicia debe enfrentar una reforma importante| @soyfdelrincon #concluHOGARGUATE,TweetDeck,false,false,,,,,,,42,29,,false,es,2017-03-11 03:44:39 +0000,2017-03-11 13:43:21 +0000,2017-03-11 13:43:21 +0000
11009,4,13,834068121384321024,Pe√±a Nieto pide a Carstens postergar su renunciahttps://t.co/eoA1NjgsZI https://t.co/xz2K4BVmRm,TweetDeck,false,false,,,,,,,35,28,,false,es,2017-02-21 15:51:51 +0000,2017-02-22 05:07:51 +0000,2017-02-22 05:07:51 +0000
11010,4,13,834067697877016578,OPINI√ìN ¬øPor qu√© los seguidores de Trump lo siguen amando?https://t.co/hAg4jSPeox https://t.co/pm4kh0Wi3u,TweetDeck,false,false,,,,,,,50,31,,false,es,2017-02-21 15:50:10 +0000,2017-02-22 05:07:51 +0000,2017-02-22 05:07:51 +0000
11013,4,13,834058265344536578,Publica gu√≠as para implementar nuevo decreto de inmigraci√≥n y seguridad fronteriza. Estos son los cambios que trae:‚Ä¶ https://t.co/TqCIkiGCLj,TweetDeck,false,false,,,,,,,33,39,,false,es,2017-02-21 15:12:41 +0000,2017-02-22 05:07:51 +0000,2017-02-22 05:07:51 +0000
11011,4,13,834063635622273024,La industria tequilera mexicana no le teme a Trump https://t.co/S1zMwOoh7p https://t.co/DD8c1FX9wH,TweetDeck,false,false,,,,,,,124,66,,false,es,2017-02-21 15:34:01 +0000,2017-02-22 05:07:51 +0000,2017-02-22 05:07:51 +0000
11014,4,13,834051991714267136,"√öLTIMA HORA Sismo de 6,5 sacude Bolivia https://t.co/N8WTVwa4oO",TweetDeck,false,false,,,,,,,131,269,,false,es,2017-02-21 14:47:45 +0000,2017-02-22 05:07:51 +0000,2017-02-22 05:07:51 +0000
11012,4,13,834088230500835338,Contin√∫a el misterio de la muerte de Kim Jong-namhttps://t.co/PGkwDUGI6Z,TweetDeck,false,false,,,,,,,40,30,,false,es,2017-02-21 17:11:45 +0000,2017-02-22 05:07:51 +0000,2017-02-22 05:07:51 +0000
13982,4,13,840405296006733824,üì∫ @jimmymoralesgt: Se necesita m√°s que el trabajo de un funcionario: sino la interacci√≥n de instituciones | @soyfdelrincon #concluHOGARGUATE,TweetDeck,false,false,,,,,,,47,26,,false,es,2017-03-11 03:33:31 +0000,2017-03-11 13:43:21 +0000,2017-03-11 13:43:21 +0000
13983,4,13,840404892317544449,üì∫  @jimmymoralesgt: No todo depende de la decisi√≥n de un presidente | @soyfdelrincon  #concluHOGARGUATE,TweetDeck,false,false,,,,,,,42,20,,false,es,2017-03-11 03:31:54 +0000,2017-03-11 13:43:21 +0000,2017-03-11 13:43:21 +0000
13984,4,13,840406984054722561,üì∫ @jimmymoralesgt: Se tom√≥ la decisi√≥n de separar a hombres y mujeres | @soyfdelrincon #concluHOGARGUATE,TweetDeck,false,false,,,,,,,30,20,,false,es,2017-03-11 03:40:13 +0000,2017-03-11 13:43:21 +0000,2017-03-11 13:43:21 +0000
11017,4,13,834043887945707520,Macri viaja a Espa√±a para reforzar relacioneshttps://t.co/iK0VCXHzIH https://t.co/Pf6ItBdVau,TweetDeck,false,false,,,,,,,50,37,,false,es,2017-02-21 14:15:33 +0000,2017-02-22 05:07:51 +0000,2017-02-22 05:07:51 +0000
13978,4,13,840410117682167808,üì∫ @jimmymoralesgt: El cierre no se puede hacer de la noche a la ma√±ana | @soyfdelrincon #concluHOGARGUATE,TweetDeck,false,false,,,,,,,38,26,,false,es,2017-03-11 03:52:40 +0000,2017-03-11 13:43:21 +0000,2017-03-11 13:43:21 +0000
11018,4,13,834082241479311360,"Trump se toma el cr√©dito por la creaci√≥n de empleos, ¬øqu√© tanto hay de cierto? Analizamos caso por caso:‚Ä¶ https://t.co/dtRO8hAszq",TweetDeck,false,false,,,,,,,50,36,,false,es,2017-02-21 16:47:57 +0000,2017-02-22 05:07:51 +0000,2017-02-22 05:07:51 +0000
11015,4,13,834052864746147840,"√öLTIMA HORA Sismo de 6,5 sacude Bolivia. M√°s informaci√≥n: https://t.co/a0ugm4ePyF https://t.co/3WiJXmssBM",TweetDeck,false,false,,,,,,,227,472,,false,es,2017-02-21 14:51:13 +0000,2017-02-22 05:07:51 +0000,2017-02-22 05:07:51 +0000
11016,4,13,834041743393828864,La hermana de Melania Trump revela una faceta poco conocida en redes socialeshttps://t.co/faaIWzktFv https://t.co/Pg2n4xV1lo,TweetDeck,false,false,,,,,,,54,27,,false,es,2017-02-21 14:07:02 +0000,2017-02-22 05:07:51 +0000,2017-02-22 05:07:51 +0000
11024,4,13,834018294541725698,Caso del joven mexicano abatido por un agente fronterizo llega a la Corte Suprema de EE.UU. https://t.co/2OKox9Cj5i,TweetDeck,false,false,,,,,,,50,59,,false,es,2017-02-21 12:33:51 +0000,2017-02-22 05:07:51 +0000,2017-02-22 05:07:51 +0000
11029,4,13,833995299622371330,#FelizMartes Aqu√≠ 5 noticias que no te puedes perder https://t.co/0HWI5rbPI4,TweetDeck,false,false,,,,,,,60,64,,false,es,2017-02-21 11:02:28 +0000,2017-02-22 05:07:51 +0000,2017-02-22 05:07:51 +0000
11032,4,13,833990651020587008,Angelina Jolie rompi√≥ su silencio sobre su divorcio https://t.co/FMARgZeDah,TweetDeck,false,false,,,,,,,40,24,,false,es,2017-02-21 10:44:00 +0000,2017-02-22 05:07:51 +0000,2017-02-22 05:07:51 +0000
11034,4,13,833984827837788160,C√≥mo un video de YouTube desat√≥ el √∫ltimo arrebato de Trump https://t.co/jpUi4JHa7g,TweetDeck,false,false,,,,,,,29,22,,false,es,2017-02-21 10:20:52 +0000,2017-02-22 05:07:51 +0000,2017-02-22 05:07:51 +0000
11039,4,13,833970520571912192,El FC Barcelona ir√° a juicio por el fichaje de Neymar https://t.co/F08GPnyhiN,TweetDeck,false,false,,,,,,,27,23,,false,es,2017-02-21 09:24:01 +0000,2017-02-22 05:07:51 +0000,2017-02-22 05:07:51 +0000
11041,4,13,833975554604986368,"Brexit: 4,2 millones de migrantes siguen en el limbo https://t.co/WE882CEmFW",TweetDeck,false,false,,,,,,,28,28,,false,es,2017-02-21 09:44:01 +0000,2017-02-22 05:07:51 +0000,2017-02-22 05:07:51 +0000
11042,4,13,833959601255153664,Los suecos lo est√°n pasando bien troleando a Trump https://t.co/kWqHxTxCPY,TweetDeck,false,false,,,,,,,34,26,,false,es,2017-02-21 08:40:37 +0000,2017-02-22 05:07:51 +0000,2017-02-22 05:07:51 +0000
11046,4,13,833950386595598336,Angelina Jolie rompi√≥ su silencio https://t.co/FMARgZeDah,TweetDeck,false,false,,,,,,,23,10,,false,es,2017-02-21 08:04:00 +0000,2017-02-22 05:07:51 +0000,2017-02-22 05:07:51 +0000
11049,4,13,833947868687855617,¬øPor qu√© Donald Trump tiene m√°s de 3.000 sitios web? https://t.co/gzOU5IGY23,TweetDeck,false,false,,,,,,,18,12,,false,es,2017-02-21 07:54:00 +0000,2017-02-22 05:07:51 +0000,2017-02-22 05:07:51 +0000
11051,4,13,833942584850518017,5 muertos al estrellarse una avioneta contra un centro comercial en Australia https://t.co/hADOuOygtm https://t.co/cqmgoEJhth,TweetDeck,false,false,,,,,,,11,14,,false,es,2017-02-21 07:33:00 +0000,2017-02-22 05:07:51 +0000,2017-02-22 05:07:51 +0000
11053,4,13,833936615110279169,Panam√° presenta querella contra Odebrecht https://t.co/UpfrivKKJj,TweetDeck,false,false,,,,,,,38,45,,false,es,2017-02-21 07:09:17 +0000,2017-02-22 05:07:51 +0000,2017-02-22 05:07:51 +0000
11057,4,13,833919299886731264,"Analista compara en @aristeguicnn  la estrategia de Trump hacia los medios con ""los populistas latinoamericanos"" https://t.co/Wn40Rem23z",TweetDeck,false,false,,,,,,,24,27,,false,es,2017-02-21 06:00:29 +0000,2017-02-22 05:07:51 +0000,2017-02-22 05:07:51 +0000
11055,4,13,833930253932310528,Las ciudades con el peor tr√°fico en el mundo https://t.co/886OCKJYcC,TweetDeck,false,false,,,,,,,36,28,,false,es,2017-02-21 06:44:00 +0000,2017-02-22 05:07:51 +0000,2017-02-22 05:07:51 +0000
11061,4,13,833915153007599616,C√≥mo este ambientalista pas√≥ de enemigo a aliado de China https://t.co/pE8lSeq7a0,TweetDeck,false,false,,,,,,,32,22,,false,es,2017-02-21 05:44:00 +0000,2017-02-22 05:07:51 +0000,2017-02-22 05:07:51 +0000
11064,4,13,833907603952513024,Tensi√≥n e incertidumbre en Ecuador  https://t.co/oZDVd4GmMp,TweetDeck,false,false,,,,,,,271,472,,false,es,2017-02-21 05:14:00 +0000,2017-02-22 05:07:51 +0000,2017-02-22 05:07:51 +0000
11066,4,13,833898138469617668,.@CesarMongeO: Estamos en un proceso electoral con muy poca seguridad https://t.co/hkHt16fnv3 | @patriciajaniot,TweetDeck,false,false,,,,,,,184,334,,false,es,2017-02-21 04:36:23 +0000,2017-02-22 05:07:51 +0000,2017-02-22 05:07:51 +0000
11070,4,13,833886453079871488,"Asesinatos de activistas en Colombia, otra amenaza para la pazhttps://t.co/PNvqRq2wY3",TweetDeck,false,false,,,,,,,77,104,,false,es,2017-02-21 03:49:57 +0000,2017-02-22 05:07:51 +0000,2017-02-22 05:07:51 +0000
11073,4,13,833883598889549824,üì∫  @CesarMongeO: La informaci√≥n tabulada no la tenemos; el p√∫blico solo ve barritas de colores | @patriciajaniot #concluECUADOR,TweetDeck,false,false,,,,,,,79,125,,false,es,2017-02-21 03:38:37 +0000,2017-02-22 05:07:51 +0000,2017-02-22 05:07:51 +0000
11074,4,13,833883117928796160,üì∫  @CesarMongeO: Hay algunos hechos durante las √∫ltimas horas que nos generan una enorme preocupaci√≥n | @patriciajaniot #concluECUADOR,TweetDeck,false,false,,,,,,,119,212,,false,es,2017-02-21 03:36:42 +0000,2017-02-22 05:07:51 +0000,2017-02-22 05:07:51 +0000
11078,4,13,833873908361211905,"Tres capitales latinoamericanas, entre las 15 ciudades con peor tr√°fico en el mundo https://t.co/886OCKJYcC https://t.co/QxI9PQkGZq",TweetDeck,false,false,,,,,,,105,95,,false,es,2017-02-21 03:00:07 +0000,2017-02-22 05:07:51 +0000,2017-02-22 05:07:51 +0000
11082,4,13,833855792344338432,RT @cnneeradio: Ronda Deportiva: Franz Beckenbauer es investigado por recibir pagos dudosos https://t.co/XsBJbdVWGk @lgbucciCNN,TweetDeck,true,false,,,,,,,0,42,,false,es,2017-02-21 01:48:07 +0000,2017-02-22 05:07:52 +0000,2017-02-22 05:07:51 +0000
11085,4,13,833848363141439488,Arranca el Festival Internacional de la Canci√≥n de Vi√±a del Marhttps://t.co/ymTaNiggmI @MarielaCNN,TweetDeck,false,false,,,,,,,254,166,,false,es,2017-02-21 01:18:36 +0000,2017-02-22 05:07:52 +0000,2017-02-22 05:07:52 +0000
11087,4,13,833840126627295237,Arrestan a un contratista en Colombia presuntamente vinculado con los sobornos de Odebrecht https://t.co/mpq9nMC5hx,TweetDeck,false,false,,,,,,,140,190,,false,es,2017-02-21 00:45:52 +0000,2017-02-22 05:07:52 +0000,2017-02-22 05:07:52 +0000
11019,4,13,834045205678530560,"Esposa de un pol√≠tico acusado de corrupci√≥n: S√≠, merezco abundanciahttps://t.co/kj81OSd3tf https://t.co/THbLodn7s1",TweetDeck,false,false,,,,,,,49,75,,false,es,2017-02-21 14:20:47 +0000,2017-02-22 05:07:51 +0000,2017-02-22 05:07:51 +0000
11021,4,13,834029879666601984,¬øCrees que Marine Le Pen hizo lo correcto al negarse a usar un velo en una reuni√≥n con un Gran muft√≠? https://t.co/rrYJ6jXbSg,Twitter Web Client,false,false,,,,,,,57,55,,false,es,2017-02-21 13:19:53 +0000,2017-02-22 05:07:51 +0000,2017-02-22 05:07:51 +0000
11025,4,13,834008017880363008,"Brexit: 4,2 millones de migrantes en el limbo https://t.co/WE882CEmFW",TweetDeck,false,false,,,,,,,43,48,,false,es,2017-02-21 11:53:01 +0000,2017-02-22 05:07:51 +0000,2017-02-22 05:07:51 +0000
11030,4,13,833992808423944193,RT @cafecnn: #Caf√©Ecuador ¬øQu√© opinas de la demora en Ecuador para conocer los resultados de las elecciones?,TweetDeck,true,false,,,,,,,0,88,,false,es,2017-02-21 10:52:35 +0000,2017-02-22 05:07:51 +0000,2017-02-22 05:07:51 +0000
11022,4,13,834029687252905985,Marine Le Pen cancela reuni√≥n con un Gran muft√≠ pues ella se neg√≥ a cubrirse la cabezahttps://t.co/rrYJ6jXbSg https://t.co/J7xrNawdNg,TweetDeck,false,false,,,,,,,245,130,,false,es,2017-02-21 13:19:07 +0000,2017-02-22 05:07:51 +0000,2017-02-22 05:07:51 +0000
11028,4,13,834000175999963138,Sentencian a 18 meses de prisi√≥n a soldado israel√≠ que mat√≥ a un palestino herido https://t.co/0j1CKQNv4I,TweetDeck,false,false,,,,,,,40,44,,false,es,2017-02-21 11:21:51 +0000,2017-02-22 05:07:51 +0000,2017-02-22 05:07:51 +0000
11033,4,13,833987886475128832,5 muertos al estrellarse una avioneta contra un centro comercial en Australia https://t.co/hADOuOPRkU https://t.co/ycdVTVhhCW,TweetDeck,false,false,,,,,,,37,80,,false,es,2017-02-21 10:33:01 +0000,2017-02-22 05:07:51 +0000,2017-02-22 05:07:51 +0000
11035,4,13,833993170136469504,El misterio de la muerte de Kim Jong-nam: el cuerpo no tiene heridas https://t.co/GfHN7OEFZn,TweetDeck,false,false,,,,,,,37,33,,false,es,2017-02-21 10:54:01 +0000,2017-02-22 05:07:51 +0000,2017-02-22 05:07:51 +0000
11037,4,13,833981937773592576,"#EcuadorVoto2017 Con el 93,3% escrutado: Len√≠n Moreno: 39,15%; Guillermo Lasso: 28,40% https://t.co/aEShPG6BOi https://t.co/LhRSwurzSe",TweetDeck,false,false,,,,,,,72,234,,false,es,2017-02-21 10:09:23 +0000,2017-02-22 05:07:51 +0000,2017-02-22 05:07:51 +0000
11040,4,13,833968002177527809,El video de YouTube que desat√≥ el √∫ltimo arrebato de Trump https://t.co/jpUi4JpyIG,TweetDeck,false,false,,,,,,,18,20,,false,es,2017-02-21 09:14:00 +0000,2017-02-22 05:07:51 +0000,2017-02-22 05:07:51 +0000
11044,4,13,833952904151183360,"Tres capitales latinoamericanas, entre las 15 ciudades con peor tr√°fico en el mundo https://t.co/886OCKJYcC https://t.co/a5qsbkaftn",TweetDeck,false,false,,,,,,,31,39,,false,es,2017-02-21 08:14:01 +0000,2017-02-22 05:07:51 +0000,2017-02-22 05:07:51 +0000
11045,4,13,833965488208232448,¬øCorea del Norte est√° detr√°s del asesinato del medio hermano de Kim Jong-un? https://t.co/klwiy7UmXB,TweetDeck,false,false,,,,,,,28,18,,false,es,2017-02-21 09:04:01 +0000,2017-02-22 05:07:51 +0000,2017-02-22 05:07:51 +0000
11047,4,13,833962968845058049,Incertidumbre tras las elecciones en Ecuador https://t.co/aEShPG6BOi,TweetDeck,false,false,,,,,,,71,139,,false,es,2017-02-21 08:54:00 +0000,2017-02-22 05:07:51 +0000,2017-02-22 05:07:51 +0000
11050,4,13,833939818258251776,"El √∫ltimo episodio de furia de Trump, por un video de YouTube https://t.co/jpUi4JHa7g",TweetDeck,false,false,,,,,,,22,15,,false,es,2017-02-21 07:22:01 +0000,2017-02-22 05:07:51 +0000,2017-02-22 05:07:51 +0000
11058,4,13,833917670449745920,Una mano m√°s dura: la nueva estrategia de EE.UU. contra la inmigraci√≥n ilegal https://t.co/hbrERVT37t,TweetDeck,false,false,,,,,,,25,39,,false,es,2017-02-21 05:54:00 +0000,2017-02-22 05:07:51 +0000,2017-02-22 05:07:51 +0000
11056,4,13,833925220872364037,Impresoras 3D al rescate de lo que ISIS destruy√≥ en Palmira https://t.co/0GecI9Q8cD,TweetDeck,false,false,,,,,,,88,48,,false,es,2017-02-21 06:24:00 +0000,2017-02-22 05:07:51 +0000,2017-02-22 05:07:51 +0000
11063,4,13,833910120249651200,As√≠ ser√≠an las nuevas y agresivas pol√≠ticas inmigratorias del Departamento de Seguridad Nacional de EE.UU. https://t.co/epkV68Ee1a,TweetDeck,false,false,,,,,,,50,84,,false,es,2017-02-21 05:24:00 +0000,2017-02-22 05:07:51 +0000,2017-02-22 05:07:51 +0000
11065,4,13,833902868931411968,Lewandowski: el equipo de Trump lo est√° decepcionando https://t.co/0K00VSkKbR,TweetDeck,false,false,,,,,,,55,30,,false,es,2017-02-21 04:55:11 +0000,2017-02-22 05:07:51 +0000,2017-02-22 05:07:51 +0000
11067,4,13,833895716623884289,Kurt Cobain estar√≠a cumpliendo 50 a√±os https://t.co/xsIQNZyith https://t.co/u6N1uEE6Rv,Twitter Web Client,false,false,,,,,,,788,606,,false,es,2017-02-21 04:26:46 +0000,2017-02-22 05:07:51 +0000,2017-02-22 05:07:51 +0000
11072,4,13,833895225974198273,La abuela china de 93 a√±os que hace kung-fu y es una sensaci√≥n en internet https://t.co/9MU2a9CYXy https://t.co/GlXcHMkxfw,TweetDeck,false,false,,,,,,,175,87,,false,es,2017-02-21 04:24:49 +0000,2017-02-22 05:07:51 +0000,2017-02-22 05:07:51 +0000
11068,4,13,833893487556833280,¬øPor qu√© Trump tiene m√°s de 3.000 sitios web? https://t.co/gzOU5Ipnav https://t.co/bbIdeoXI4k,TweetDeck,false,false,,,,,,,72,47,,false,es,2017-02-21 04:17:55 +0000,2017-02-22 05:07:51 +0000,2017-02-22 05:07:51 +0000
11071,4,13,833899967999795200,La generosa sorpresa de Maluma a sus fans de Chile https://t.co/Ift68m9SoR https://t.co/D8wwn6jaaV,Twitter Web Client,false,false,,,,,,,261,93,,false,es,2017-02-21 04:43:40 +0000,2017-02-22 05:07:51 +0000,2017-02-22 05:07:51 +0000
11077,4,13,833875107839954945,"#EcuadorVoto2017 Escrutado: 91, 7%  Len√≠n Moreno: 39,08% Guillemro Lasso: 28,43% https://t.co/aEShPG6BOi",TweetDeck,false,false,,,,,,,173,352,,false,es,2017-02-21 03:04:53 +0000,2017-02-22 05:07:51 +0000,2017-02-22 05:07:51 +0000
11081,4,13,833859354122149889,"üì∫ @LassoGuillermo: El CNE est√° controlado por el corre√≠smo al estilo ""chavista"" https://t.co/aRim4BzWxp @patriciajaniot",TweetDeck,false,false,,,,,,,559,1068,,false,es,2017-02-21 02:02:17 +0000,2017-02-22 05:07:52 +0000,2017-02-22 05:07:51 +0000
11080,4,13,833862035830140930,"#EcuadorVoto2017 Con el 91,3% escrutado: Len√≠n Moreno: 39,06%; Guillermo Lasso: 28,43% https://t.co/aEShPG6BOi https://t.co/ycyLYzrRpF",TweetDeck,false,false,,,,,,,142,284,,false,es,2017-02-21 02:12:56 +0000,2017-02-22 05:07:52 +0000,2017-02-22 05:07:51 +0000
11086,4,13,833837432932024320,RT @CNNVenezuela: El presidente Nicol√°s Maduro pide una ‚Äúreorganizaci√≥n total‚Äù del @PartidoPSUV ¬øQu√© opinas? https://t.co/x8UsqWs63N,TweetDeck,true,false,,,,,,,0,217,,false,es,2017-02-21 00:35:10 +0000,2017-02-22 05:07:52 +0000,2017-02-22 05:07:52 +0000
11089,4,13,833833129085435904,"üì∫ @LassoGuillermo: Una vez se ha contabilizado el 90%, el 10% no tiene por qu√© cambiar | @patriciajaniot #JaniotPregunta",TweetDeck,false,false,,,,,,,179,298,,false,es,2017-02-21 00:18:04 +0000,2017-02-22 05:07:52 +0000,2017-02-22 05:07:52 +0000
11091,4,13,833831590258233344,üì∫ @LassoGuillermo: El presidente de Ecuador se va a resolver en segunda vuelta |  @patriciajaniot #JaniotPregunta,TweetDeck,false,false,,,,,,,178,258,,false,es,2017-02-21 00:11:57 +0000,2017-02-22 05:07:52 +0000,2017-02-22 05:07:52 +0000
11093,4,13,833831083129073665,üì∫ @LassoGuillermo: No tenemos que ir a ninguna reuni√≥n; tienen que aceptar resultado y que habr√° 2da vuelta  @patriciajaniot #JaniotPregunta,TweetDeck,false,false,,,,,,,258,362,,false,es,2017-02-21 00:09:56 +0000,2017-02-22 05:07:52 +0000,2017-02-22 05:07:52 +0000
11095,4,13,833816117730799617,¬°Feliz cumplea√±os Paricut√≠n! https://t.co/a4WyTo7Lsh https://t.co/dIMlpRNECA,Twitter Web Client,false,false,,,,,,,365,190,,false,es,2017-02-20 23:10:28 +0000,2017-02-22 05:07:52 +0000,2017-02-22 05:07:52 +0000
11020,4,13,834037352297230337,Niegan uni√≥n civil a una pareja heterosexual que no se quer√≠a casarhttps://t.co/dCEZDjn69x https://t.co/rzQZz1q5zD,TweetDeck,false,false,,,,,,,38,32,,false,es,2017-02-21 13:49:35 +0000,2017-02-22 05:07:51 +0000,2017-02-22 05:07:51 +0000
11023,4,13,834028125902274560,"""#21F, d√≠a de la mentira"": la campa√±a que promueve la reelecci√≥n de Evo Morales como presidentehttps://t.co/oTEZD4nRJB",TweetDeck,false,false,,,,,,,43,40,,false,es,2017-02-21 13:12:55 +0000,2017-02-22 05:07:51 +0000,2017-02-22 05:07:51 +0000
11026,4,13,834005251434938368,¬øChina se prepara para poner a prueba a la Casa Blanca? https://t.co/PzNp4q1qDf,TweetDeck,false,false,,,,,,,1,50,,false,es,2017-02-21 11:42:01 +0000,2017-02-22 05:07:51 +0000,2017-02-22 05:07:51 +0000
11027,4,13,834002538382884864,As√≠ ser√≠an las nuevas y agresivas pol√≠ticas inmigratorias de EE.UU. https://t.co/epkV68VPpK,TweetDeck,false,false,,,,,,,34,73,,false,es,2017-02-21 11:31:14 +0000,2017-02-22 05:07:51 +0000,2017-02-22 05:07:51 +0000
11031,4,13,833993167468834817,Los suecos tienen buen sentido del humor... y lo est√°n demostrando a costa de Trump  https://t.co/kWqHxTPdHw,TweetDeck,false,false,,,,,,,45,33,,false,es,2017-02-21 10:54:00 +0000,2017-02-22 05:07:51 +0000,2017-02-22 05:07:51 +0000
11036,4,13,833978819384078336,¬øSe prepara China para poner a prueba a la Casa Blanca? https://t.co/PzNp4q1qDf,TweetDeck,false,false,,,,,,,20,22,,false,es,2017-02-21 09:56:59 +0000,2017-02-22 05:07:51 +0000,2017-02-22 05:07:51 +0000
11038,4,13,833973035422011393,Los suecos muestran su sentido del humor... a expensas del presidente Trump https://t.co/kWqHxTPdHw,TweetDeck,false,false,,,,,,,30,24,,false,es,2017-02-21 09:34:00 +0000,2017-02-22 05:07:51 +0000,2017-02-22 05:07:51 +0000
11043,4,13,833955418816684039,¬øUn nuevo Silicon Valley en M√©xico? https://t.co/YE5nlo5Nmo,TweetDeck,false,false,,,,,,,47,26,,false,es,2017-02-21 08:24:00 +0000,2017-02-22 05:07:51 +0000,2017-02-22 05:07:51 +0000
11048,4,13,833945354018119680,El ambientalista chino que tiene un mensaje para Trump https://t.co/pE8lSe8wis,TweetDeck,false,false,,,,,,,25,16,,false,es,2017-02-21 07:44:01 +0000,2017-02-22 05:07:51 +0000,2017-02-22 05:07:51 +0000
11054,4,13,833922705695055872,C√≥mo un video de YouTube sobre Suecia desat√≥ el √∫ltimo arrebato de Trump https://t.co/jpUi4JHa7g,TweetDeck,false,false,,,,,,,32,27,,false,es,2017-02-21 06:14:01 +0000,2017-02-22 05:07:51 +0000,2017-02-22 05:07:51 +0000
11052,4,13,833932773375279104,5 muertos al estrellarse una avioneta en un centro comercial en Australia https://t.co/hADOuOygtm https://t.co/KmdkqKQE9x,TweetDeck,false,false,,,,,,,25,38,,false,es,2017-02-21 06:54:01 +0000,2017-02-22 05:07:51 +0000,2017-02-22 05:07:51 +0000
11059,4,13,833927737756807170,El primer mes: ¬øhasta cuando durar√° el 'rally' de Trump? https://t.co/p26nqAkpFg,TweetDeck,false,false,,,,,,,23,21,,false,es,2017-02-21 06:34:00 +0000,2017-02-22 05:07:51 +0000,2017-02-22 05:07:51 +0000
11060,4,13,833920187510321152,Guadalajara: ¬øel nuevo Silicon Valley? https://t.co/YE5nlo5Nmo,TweetDeck,false,false,,,,,,,94,58,,false,es,2017-02-21 06:04:00 +0000,2017-02-22 05:07:51 +0000,2017-02-22 05:07:51 +0000
11062,4,13,833912639357071360,"En su primer mes en el cargo, Trump choc√≥ con la realidad de Washington https://t.co/XaGzUPKGjm",TweetDeck,false,false,,,,,,,68,49,,false,es,2017-02-21 05:34:01 +0000,2017-02-22 05:07:51 +0000,2017-02-22 05:07:51 +0000
11069,4,13,833887535512375296,üì∫  @Antequerajose: La verdad es que en Colombia hay planes para asesinar a oposici√≥n y a l√≠deres sociales| @patriciajaniot #concluDEFENSORES,TweetDeck,false,false,,,,,,,46,66,,false,es,2017-02-21 03:54:16 +0000,2017-02-22 05:07:51 +0000,2017-02-22 05:07:51 +0000
11075,4,13,833880392486748160,üì∫  Jorge Le√≥n: La polarizaci√≥n ha creado √°nimos beligerantes | @patriciajaniot #concluECUADOR,TweetDeck,false,false,,,,,,,38,37,,false,es,2017-02-21 03:25:52 +0000,2017-02-22 05:07:51 +0000,2017-02-22 05:07:51 +0000
11076,4,13,833876308165799942,"Si est√°s en Venezuela, mira en vivo #ConclusionesCNN, hoy con @patriciajaniot, aqu√≠: https://t.co/znrYfyPdhM‚Ä¶ https://t.co/6rsQWxvW2a",TweetDeck,false,false,,,,,,,269,256,,false,es,2017-02-21 03:09:39 +0000,2017-02-22 05:07:51 +0000,2017-02-22 05:07:51 +0000
11079,4,13,833863508127256576,"""Not my president"": d√≠a de marchas contra Trump en EE.UU.https://t.co/nhzgMR4YFY",TweetDeck,false,false,,,,,,,155,80,,false,es,2017-02-21 02:18:47 +0000,2017-02-22 05:07:51 +0000,2017-02-22 05:07:51 +0000
11083,4,13,833850505982050304,Angelina Jolie habla por primera vez de su divorcio con Brad Pitt https://t.co/PydRxP9Ep3,TweetDeck,false,false,,,,,,,141,57,,false,es,2017-02-21 01:27:07 +0000,2017-02-22 05:07:52 +0000,2017-02-22 05:07:52 +0000
11084,4,13,833843930533879809,"Muri√≥ Kiv√∫, el √∫nico le√≥n de Costa Rica https://t.co/LpT53aeixH https://t.co/wSQFB0Y4Dt",TweetDeck,false,false,,,,,,,327,230,,false,es,2017-02-21 01:00:59 +0000,2017-02-22 05:07:52 +0000,2017-02-22 05:07:52 +0000
11092,4,13,833830687971090432,"üì∫  @LassoGuillermo: El candidato Moreno apenas llega al 39,09%. Es un intento de fraude | @patriciajaniot #JaniotPregunta",TweetDeck,false,false,,,,,,,192,382,,false,es,2017-02-21 00:08:22 +0000,2017-02-22 05:07:52 +0000,2017-02-22 05:07:52 +0000
11090,4,13,833831802448011265,üì∫ @LassoGuillermo: La tendencia del candidato Moreno es declinante | @patriciajaniot #JaniotPregunta,TweetDeck,false,false,,,,,,,141,177,,false,es,2017-02-21 00:12:48 +0000,2017-02-22 05:07:52 +0000,2017-02-22 05:07:52 +0000
11088,4,13,833833225210441730,üì∫ @LassoGuillermo: Es una pr√°ctica al estilo chavista: el CNE est√° controlado por el correismo | @patriciajaniot #JaniotPregunta,TweetDeck,false,false,,,,,,,341,680,,false,es,2017-02-21 00:18:27 +0000,2017-02-22 05:07:52 +0000,2017-02-22 05:07:52 +0000
11096,4,13,833827018324267008,Lindsay Lohan: ¬øla nueva sirenita? https://t.co/xf0hazswub https://t.co/7HXbLkPqnQ,TweetDeck,false,false,,,,,,,157,42,,false,es,2017-02-20 23:53:47 +0000,2017-02-22 05:07:52 +0000,2017-02-22 05:07:52 +0000
11097,4,13,833807911046496257,Confirman procesamiento a Neymar y Barcelona por corrupci√≥n en fichaje del jugador https://t.co/F08GPnyhiN,TweetDeck,false,false,,,,,,,71,109,,false,es,2017-02-20 22:37:52 +0000,2017-02-22 05:07:52 +0000,2017-02-22 05:07:52 +0000
11099,4,13,833796124762836994,Carstens retrasa su salida del Banco de M√©xico https://t.co/tymjrexBS3,TweetDeck,false,false,,,,,,,46,24,,false,es,2017-02-20 21:51:01 +0000,2017-02-22 05:07:52 +0000,2017-02-22 05:07:52 +0000
11098,4,13,833799493585879043,Estas alpargatas son tan famosas que hasta estrellas de Hollywood las usanhttps://t.co/w9dwfNkrUo,TweetDeck,false,false,,,,,,,147,73,,false,es,2017-02-20 22:04:25 +0000,2017-02-22 05:07:52 +0000,2017-02-22 05:07:52 +0000
11100,4,13,833778140291952640,Trump nombra al general H.R. McMaster como el nuevo asesor de Seguridad Nacionalhttps://t.co/Wu11vJu8sU https://t.co/rlwx7skGyh,TweetDeck,false,false,,,,,,,73,89,,false,es,2017-02-20 20:39:34 +0000,2017-02-22 05:07:52 +0000,2017-02-22 05:07:52 +0000
11101,4,13,833778113784008705,RT @CNNVenezuela: ¬°Ya llegamos a los 100.000 seguidores en cuesti√≥n de horas! Muchas gracias por el apoyo #sigueCNNVenezuela,Tweetbot for Mac,true,false,,,,,,,0,2755,,false,es,2017-02-20 20:39:27 +0000,2017-02-22 05:07:52 +0000,2017-02-22 05:07:52 +0000
11104,4,13,833764332404088834,Montaner: Intentan impedir una segunda vuelta en Ecuadorhttps://t.co/obj7Oz2SPf,TweetDeck,false,false,,,,,,,610,1540,,false,es,2017-02-20 19:44:42 +0000,2017-02-22 05:07:52 +0000,2017-02-22 05:07:52 +0000
11103,4,13,833770236352540672,Musulmanes en Puerto Rico asustados ante Trumphttps://t.co/y1pEFXY5U9,TweetDeck,false,false,,,,,,,61,45,,false,es,2017-02-20 20:08:09 +0000,2017-02-22 05:07:52 +0000,2017-02-22 05:07:52 +0000
11434,4,13,832457044305195008,El impacto a la econom√≠a venezolana de #CNNEcensurado https://t.co/L5eZ8asjft,TweetDeck,false,false,,,,,,,38,77,,false,es,2017-02-17 05:10:00 +0000,2017-02-22 05:07:55 +0000,2017-02-22 05:07:55 +0000
13985,4,13,840404111107473408,#concluHOGARGUATE es TT #1 en Guatemala. Sigue participando  | @soyfdelrincon https://t.co/d8zloL5xtm,TweetDeck,false,false,,,,,,,46,19,,false,es,2017-03-11 03:28:48 +0000,2017-03-11 13:43:21 +0000,2017-03-11 13:43:21 +0000
11106,4,13,833770386089205761,¬øRoces entre el gobierno de Colombia y la ONU por dejaci√≥n de armas de las FARC?https://t.co/sz1oo4yWHP https://t.co/3mDf2wFadp,TweetDeck,false,false,,,,,,,47,47,,false,es,2017-02-20 20:08:45 +0000,2017-02-22 05:07:52 +0000,2017-02-22 05:07:52 +0000
11112,4,13,833741206194618368,El misterio de la muerte de Kim Jong-nam: ¬øest√° Corea del Norte detr√°s de su asesinato?https://t.co/KgOnmblCqh,TweetDeck,false,false,,,,,,,61,68,,false,es,2017-02-20 18:12:48 +0000,2017-02-22 05:07:52 +0000,2017-02-22 05:07:52 +0000
11114,4,13,833733194512027650,"√öLTIMA HORA Muere Vitaly Churkin, embajador de Rusia en las Naciones Unidashttps://t.co/Mkr0e5CyyA https://t.co/gZ7UNgOF7J",TweetDeck,false,false,,,,,,,81,133,,false,es,2017-02-20 17:40:58 +0000,2017-02-22 05:07:52 +0000,2017-02-22 05:07:52 +0000
11109,4,13,833751072825040896,El radiotelescopio de Arecibo busca civilizaciones en el espaciohttps://t.co/98krw5fXn1,TweetDeck,false,false,,,,,,,89,51,,false,es,2017-02-20 18:52:00 +0000,2017-02-22 05:07:52 +0000,2017-02-22 05:07:52 +0000
11117,4,13,833719273906384897,La gasolina baja dos centavos en M√©xicohttps://t.co/BU4ojEM4ob,TweetDeck,false,false,,,,,,,53,46,,false,es,2017-02-20 16:45:39 +0000,2017-02-22 05:07:52 +0000,2017-02-22 05:07:52 +0000
11118,4,13,833723340489682944,M√©xico a Trump: Imponer aranceles ser√° un grave errorhttps://t.co/OXqU8PilGl,TweetDeck,false,false,,,,,,,62,43,,false,es,2017-02-20 17:01:48 +0000,2017-02-22 05:07:52 +0000,2017-02-22 05:07:52 +0000
11121,4,13,833712613943017476,CNE:  Tomar√° de 5 a 8 d√≠as entregar los resultados de todo el proceso electoral #EcuadorVoto2017 https://t.co/zsjAf5dr93,TweetDeck,false,false,,,,,,,115,288,,false,es,2017-02-20 16:19:11 +0000,2017-02-22 05:07:52 +0000,2017-02-22 05:07:52 +0000
11119,4,13,833713867150782464,Video muestra fuerte explosi√≥n en Bogot√°https://t.co/TmbnRl1BFT https://t.co/v7fvR7dpFm,TweetDeck,false,false,,,,,,,56,61,,false,es,2017-02-20 16:24:10 +0000,2017-02-22 05:07:52 +0000,2017-02-22 05:07:52 +0000
11128,4,13,833674149218357248,Violentas tormentas en Texas dejan cientos de casas da√±adas y miles de personas sin luzhttps://t.co/VjPtnC353L https://t.co/YBIkbhCwPn,TweetDeck,false,false,,,,,,,75,160,,false,es,2017-02-20 13:46:20 +0000,2017-02-22 05:07:52 +0000,2017-02-22 05:07:52 +0000
11130,4,13,833646283743182848,"El oficialista Len√≠n Moreno lidera la votaci√≥n en Ecuador con el 39,10% de los votos #EcuadorVoto2017 https://t.co/zsjAf5dr93",TweetDeck,false,false,,,,,,,92,138,,false,es,2017-02-20 11:55:37 +0000,2017-02-22 05:07:52 +0000,2017-02-22 05:07:52 +0000
11132,4,13,833640847056920576,La Casa Blanca retira del Consejo de Seguridad a asesor que critic√≥ pol√≠ticas de Trump https://t.co/cRAviGjj6D,TweetDeck,false,false,,,,,,,70,95,,false,es,2017-02-20 11:34:00 +0000,2017-02-22 05:07:52 +0000,2017-02-22 05:07:52 +0000
11134,4,13,833638331594338304,As√≠ va el conteo en Ecuador #EcuadorVoto2017 https://t.co/zsjAf5v20B https://t.co/ddpJmEObty,TweetDeck,false,false,,,,,,,104,212,,false,es,2017-02-20 11:24:01 +0000,2017-02-22 05:07:52 +0000,2017-02-22 05:07:52 +0000
11136,4,13,833633299406872576,Primer mes de Trump: sus promesas chocan con la realidad de Washington https://t.co/XaGzUQ2haU,TweetDeck,false,false,,,,,,,35,43,,false,es,2017-02-20 11:04:01 +0000,2017-02-22 05:07:52 +0000,2017-02-22 05:07:52 +0000
11138,4,13,833633879214944256,RT @cafecnn: #Caf√©Trump ¬øC√≥mo calificas el primer mes de gobierno de Donald Trump?,TweetDeck,true,false,,,,,,,0,14,,false,es,2017-02-20 11:06:19 +0000,2017-02-22 05:07:52 +0000,2017-02-22 05:07:52 +0000
11140,4,13,833621769370087424,Primer mes: Trump choca con la realidad de Washington https://t.co/XaGzUPKGjm,TweetDeck,false,false,,,,,,,62,63,,false,es,2017-02-20 10:18:12 +0000,2017-02-22 05:07:52 +0000,2017-02-22 05:07:52 +0000
11145,4,13,833602846503219200,Incertidumbre en Ecuador: ¬øhabr√° segunda vuelta? https://t.co/UPUsj7qRav,TweetDeck,false,false,,,,,,,58,115,,false,es,2017-02-20 09:03:00 +0000,2017-02-22 05:07:52 +0000,2017-02-22 05:07:52 +0000
11147,4,13,833593785346990080,¬øPor qu√© mandan al espacio una superbacteria? https://t.co/lbcHIFh8Pn,TweetDeck,false,false,,,,,,,33,33,,false,es,2017-02-20 08:27:00 +0000,2017-02-22 05:07:52 +0000,2017-02-22 05:07:52 +0000
11149,4,13,833596805241720833,"Con el 86,2% de los votos escrutados, Len√≠n Moreno aventaja con el 39,07% #EcuadorVoto2017 https://t.co/zsjAf5v20B",TweetDeck,false,false,,,,,,,56,90,,false,es,2017-02-20 08:39:00 +0000,2017-02-22 05:07:52 +0000,2017-02-22 05:07:52 +0000
11154,4,13,833566990002421760,"Con el 81,4 de los votos escrutados, as√≠ van los resultados en #EcuadorVoto2017 https://t.co/zsjAf5dr93",TweetDeck,false,false,,,,,,,75,102,,false,es,2017-02-20 06:40:31 +0000,2017-02-22 05:07:52 +0000,2017-02-22 05:07:52 +0000
11157,4,13,833558555907223553,Esta es la advertencia de Bill Gates para el mundo https://t.co/NKx3tLUrB9,TweetDeck,false,false,,,,,,,97,90,,false,es,2017-02-20 06:07:01 +0000,2017-02-22 05:07:52 +0000,2017-02-22 05:07:52 +0000
11158,4,13,833555477376225280,¬øQu√© fue eso tan grave que ocurri√≥ en Suecia seg√∫n Trump? https://t.co/yjJONHVWws,TweetDeck,false,false,,,,,,,39,22,,false,es,2017-02-20 05:54:47 +0000,2017-02-22 05:07:52 +0000,2017-02-22 05:07:52 +0000
11160,4,13,833524095392301057,#EcuadorVoto2017 ¬øEst√° garantizada una segunda vuelta en Ecuador?https://t.co/OCcZncZPQi https://t.co/GndfZrDCBK,TweetDeck,false,false,,,,,,,118,139,,false,es,2017-02-20 03:50:05 +0000,2017-02-22 05:07:52 +0000,2017-02-22 05:07:52 +0000
11162,4,13,833537163258105856,"Con el 80,4% de las mesas escrutadas, as√≠ van los resultados https://t.co/zsjAf5dr93 #EcuadorVoto2017",TweetDeck,false,false,,,,,,,128,169,,false,es,2017-02-20 04:42:00 +0000,2017-02-22 05:07:52 +0000,2017-02-22 05:07:52 +0000
11166,4,13,833502202975105024,"Con el 57% de las mesas escrutadas, as√≠ van los resultados https://t.co/zsjAf5dr93 #EcuadorVoto2017 https://t.co/5yqoPiR7Wc",TweetDeck,false,false,,,,,,,97,100,,false,es,2017-02-20 02:23:05 +0000,2017-02-22 05:07:52 +0000,2017-02-22 05:07:52 +0000
11174,4,13,833480117263409152,"Con el 31,6% de las mesas escrutadas, as√≠ van los resultados para la presidencia en Ecuador https://t.co/zsjAf5dr93‚Ä¶ https://t.co/YBdWSowuV6",TweetDeck,false,false,,,,,,,72,95,,false,es,2017-02-20 00:55:19 +0000,2017-02-22 05:07:52 +0000,2017-02-22 05:07:52 +0000
11176,4,13,833486566920224768,As√≠ fue la conversaci√≥n entre el presidente Varela de Panam√° y Trump https://t.co/xPt81Jtxr0 https://t.co/LEUsd5MDWw,TweetDeck,false,false,,,,,,,64,68,,false,es,2017-02-20 01:20:57 +0000,2017-02-22 05:07:52 +0000,2017-02-22 05:07:52 +0000
11181,4,13,833471413252153348,Esto fue lo que dijo el presidente Maduro sobre la reuni√≥n de Trump con Lilian Tintori https://t.co/uBOsa0Sybi https://t.co/7Cy3iEQ0Fo,TweetDeck,false,false,,,,,,,49,85,,false,es,2017-02-20 00:20:44 +0000,2017-02-22 05:07:52 +0000,2017-02-22 05:07:52 +0000
11186,4,13,833465065743462401,"Con el 1,2% de las mesas escrutadas en Ecuador as√≠ van los resultados para presidencia https://t.co/zsjAf5dr93‚Ä¶ https://t.co/SOZCThwX4x",TweetDeck,false,false,,,,,,,44,75,,false,es,2017-02-19 23:55:31 +0000,2017-02-22 05:07:52 +0000,2017-02-22 05:07:52 +0000
11184,4,13,833465928625053698,¬øSer√° necesaria una segunda vuelta en Ecuador?https://t.co/40xXkkD7eu https://t.co/zsjAf5dr93 #EcuadorVoto2017 https://t.co/WNGSay17He,TweetDeck,false,false,,,,,,,133,123,,false,es,2017-02-19 23:58:57 +0000,2017-02-22 05:07:52 +0000,2017-02-22 05:07:52 +0000
11192,4,13,833454556499558405,Sigue aqu√≠ MINUTO A MINUTO todos los resultados de las elecciones generales en Ecuador https://t.co/zsjAf5dr93‚Ä¶ https://t.co/kOUFoVrFur,TweetDeck,false,false,,,,,,,95,71,,false,es,2017-02-19 23:13:45 +0000,2017-02-22 05:07:52 +0000,2017-02-22 05:07:52 +0000
11193,4,13,833449842437476352,"La visi√≥n de construir una comunidad global en Facebook es opuesta a la actual tendencia en EE.UU., dijo Zuckerberg https://t.co/BdLNZAhTRT",TweetDeck,false,false,,,,,,,114,75,,false,es,2017-02-19 22:55:01 +0000,2017-02-22 05:07:52 +0000,2017-02-22 05:07:52 +0000
11197,4,13,833445941566910464,https://t.co/ILS1N4u6Eb #Opini√≥n ¬øEs este el tuit m√°s escalofriante de Donald Trump hasta ahora?,TweetDeck,false,false,,,,,,,73,72,,false,es,2017-02-19 22:39:31 +0000,2017-02-22 05:07:53 +0000,2017-02-22 05:07:52 +0000
11200,4,13,833432222757593089,"Para todos aquellos que siguen molestos por la degradaci√≥n de Plut√≥n, podr√≠a haber un nuevo noveno planeta‚Ä¶ https://t.co/WYpVqLc5wz",TweetDeck,false,false,,,,,,,100,66,,false,es,2017-02-19 21:45:00 +0000,2017-02-22 05:07:53 +0000,2017-02-22 05:07:53 +0000
11438,4,13,832449107037937664,Descubren buque esp√≠a ruso en la costa noreste de EE.UU.https://t.co/I98cI1Koga,TweetDeck,false,false,,,,,,,165,226,,false,es,2017-02-17 04:38:27 +0000,2017-02-22 05:07:55 +0000,2017-02-22 05:07:55 +0000
11105,4,13,833763620744003586,"Uber ordena una investigaci√≥n ""urgente"" tras de denuncias de acoso sexual en la compa√±√≠ahttps://t.co/2oBcEjCMQB",TweetDeck,false,false,,,,,,,46,51,,false,es,2017-02-20 19:41:52 +0000,2017-02-22 05:07:52 +0000,2017-02-22 05:07:52 +0000
13981,4,13,840407112014548992,üì∫ @jimmymoralesgt: Se pretend√≠a de que no se fueran a agredir entre s√≠ | @soyfdelrincon #concluHOGARGUATE,TweetDeck,false,false,,,,,,,33,11,,false,es,2017-03-11 03:40:44 +0000,2017-03-11 13:43:21 +0000,2017-03-11 13:43:21 +0000
11108,4,13,833756231907078147,¬øQu√© contienen las exclusivas bolsas de regalos que recibir√°n los nominados a los Oscar?https://t.co/rihIsh4JJE,TweetDeck,false,false,,,,,,,54,42,,false,es,2017-02-20 19:12:30 +0000,2017-02-22 05:07:52 +0000,2017-02-22 05:07:52 +0000
11111,4,13,833750001897631746,Despiden a un grupo de trabajadores que se uni√≥ a la protesta del 'D√≠a sin inmigrantes'https://t.co/x0NKBziLP9,TweetDeck,false,false,,,,,,,86,131,,false,es,2017-02-20 18:47:45 +0000,2017-02-22 05:07:52 +0000,2017-02-22 05:07:52 +0000
11115,4,13,833723578671624193,RT @RamosCNN: ¬øCu√°l cree q ha sido la medida d m√°s impacto firmada x @realDonaldTrump en su primer mes de gobierno? @CNNEPrensa @CNNEE @CNN‚Ä¶,Twitter Web Client,true,false,,,,,,,0,14,,false,es,2017-02-20 17:02:45 +0000,2017-02-22 05:07:52 +0000,2017-02-22 05:07:52 +0000
11110,4,13,833759462569672706,Divulgan video que revelar√≠a nuevos detalles sobre la extra√±a muerte de Kim Jong-namhttps://t.co/L5KYVyJJUV,TweetDeck,false,false,,,,,,,41,48,,false,es,2017-02-20 19:25:21 +0000,2017-02-22 05:07:52 +0000,2017-02-22 05:07:52 +0000
11116,4,13,833722750837604352,As√≠ ser√≠an las nuevas y agresivas pol√≠ticas de inmigraci√≥n del Departamento de Seguridad Nacional de EE.UU.‚Ä¶ https://t.co/XcGhtP5ST0,TweetDeck,false,false,,,,,,,56,66,,false,es,2017-02-20 16:59:28 +0000,2017-02-22 05:07:52 +0000,2017-02-22 05:07:52 +0000
11124,4,13,833707546049445893,La CNE afirma que hubo inconsistencias num√©ricas en m√°s de 5% de las actas #EcuadorVoto2017 https://t.co/zsjAf5dr93,TweetDeck,false,false,,,,,,,84,228,,false,es,2017-02-20 15:59:03 +0000,2017-02-22 05:07:52 +0000,2017-02-22 05:07:52 +0000
11120,4,13,833707063247306752,"Con m√°s del 88% de las mesas escrutadas, as√≠ va el conteo #EcuadorVoto2017 https://t.co/zsjAf5dr93 https://t.co/B0oFlLoQJu",TweetDeck,false,false,,,,,,,54,76,,false,es,2017-02-20 15:57:08 +0000,2017-02-22 05:07:52 +0000,2017-02-22 05:07:52 +0000
11127,4,13,833677724833153025,Angelina Jolie rompe su silencio y habla de su divorcio de Brad Pitthttps://t.co/xMjftGe3LX https://t.co/vLSJQvSydp,TweetDeck,false,false,,,,,,,146,144,,false,es,2017-02-20 14:00:33 +0000,2017-02-22 05:07:52 +0000,2017-02-22 05:07:52 +0000
11133,4,13,833643363274485760,"""El 'arma' m√°s destructiva de todos los tiempos"", vendida por 243.000 d√≥lares https://t.co/3llbSpyuXZ",TweetDeck,false,false,,,,,,,94,134,,false,es,2017-02-20 11:44:00 +0000,2017-02-22 05:07:52 +0000,2017-02-22 05:07:52 +0000
11135,4,13,833635812176601088,#FelizLunes Aqu√≠ 5 noticias que no te puedes perder a esta hora https://t.co/o73ylrSvtU,TweetDeck,false,false,,,,,,,62,70,,false,es,2017-02-20 11:14:00 +0000,2017-02-22 05:07:52 +0000,2017-02-22 05:07:52 +0000
11137,4,13,833630751551868928,Simpatizantes del candidato Guillermo Lasso protestaron fuera del CNE #EcuadorVoto2017 https://t.co/zsjAf5dr93 https://t.co/8F3tjZg2jy,TweetDeck,false,false,,,,,,,159,281,,false,es,2017-02-20 10:53:53 +0000,2017-02-22 05:07:52 +0000,2017-02-22 05:07:52 +0000
11142,4,13,833612646603689984,Un portaaviones de EE.UU. patrulla las disputadas aguas del Mar del Sur de China https://t.co/fgG7t9P7MY,TweetDeck,false,false,,,,,,,47,63,,false,es,2017-02-20 09:41:57 +0000,2017-02-22 05:07:52 +0000,2017-02-22 05:07:52 +0000
11144,4,13,833608633065762817,As√≠ va el conteo en #EcuadorVoto2017 https://t.co/zsjAf5v20B https://t.co/2VpTFtb5y3,TweetDeck,false,false,,,,,,,66,143,,false,es,2017-02-20 09:26:00 +0000,2017-02-22 05:07:52 +0000,2017-02-22 05:07:52 +0000
11148,4,13,833590398547275776,EE.UU. despliega un portaaviones en el Mar del Sur de China https://t.co/fgG7t9P7MY,TweetDeck,false,false,,,,,,,36,59,,false,es,2017-02-20 08:13:33 +0000,2017-02-22 05:07:52 +0000,2017-02-22 05:07:52 +0000
11146,4,13,833600078392737792,McCain: Lo primero que los dictadores hacen es acallar a la prensa https://t.co/J6aqtblKn5,TweetDeck,false,false,,,,,,,210,261,,false,es,2017-02-20 08:52:00 +0000,2017-02-22 05:07:52 +0000,2017-02-22 05:07:52 +0000
11150,4,13,833585481417830400,"Un asesor del Consejo de Seguridad, removido del cargo por criticar pol√≠ticas de Trump https://t.co/cRAviGjj6D",TweetDeck,false,false,,,,,,,46,51,,false,es,2017-02-20 07:54:00 +0000,2017-02-22 05:07:52 +0000,2017-02-22 05:07:52 +0000
11153,4,13,833570384729477120,El vicepresidente de Venezuela  responde a las acusaciones de EE.UU. https://t.co/AKymwKxOde,TweetDeck,false,false,,,,,,,36,35,,false,es,2017-02-20 06:54:01 +0000,2017-02-22 05:07:52 +0000,2017-02-22 05:07:52 +0000
11156,4,13,833578856179175425,As√≠ va el conteo en #EcuadorVoto2017 https://t.co/zsjAf5dr93,TweetDeck,false,false,,,,,,,47,45,,false,es,2017-02-20 07:27:41 +0000,2017-02-22 05:07:52 +0000,2017-02-22 05:07:52 +0000
11159,4,13,833526341152632834,Esta es la respuesta de Tareck El Aissami a las acusaciones de Estados Unidos https://t.co/AKymwKgcOE https://t.co/4SpOZ0J3oq,TweetDeck,false,false,,,,,,,49,46,,false,es,2017-02-20 03:59:00 +0000,2017-02-22 05:07:52 +0000,2017-02-22 05:07:52 +0000
11164,4,13,833507830644822016,Lasso dice que habr√° segunda vuelta; Viteri dice que lo apoyar√°  El CNE a√∫n no se pronuncia: https://t.co/zsjAf5dr93 #EcuadorVoto2017,TweetDeck,false,false,,,,,,,282,408,,false,es,2017-02-20 02:45:27 +0000,2017-02-22 05:07:52 +0000,2017-02-22 05:07:52 +0000
11167,4,13,833521068639911940,"Con el 78,1% de las mesas escrutadas, as√≠ van los resultados https://t.co/zsjAf5dr93 #EcuadorVoto2017 https://t.co/bor2AtHKyj",TweetDeck,false,false,,,,,,,111,125,,false,es,2017-02-20 03:38:03 +0000,2017-02-22 05:07:52 +0000,2017-02-22 05:07:52 +0000
11171,4,13,833488261540634625,"Primer bolet√≠n CNE: 38,26 para Len√≠n Moreno, 29,86% para Lasso con el 51,8% de las mesas escrutadas https://t.co/zsjAf5dr93 #EcuadorVoto2017",TweetDeck,false,false,,,,,,,158,325,,false,es,2017-02-20 01:27:41 +0000,2017-02-22 05:07:52 +0000,2017-02-22 05:07:52 +0000
11173,4,13,833482310888591362,"Datos preliminares: Moreno a la cabeza de la contienda presidencial, seg√∫n el CNE  https://t.co/zsjAf5dr93‚Ä¶ https://t.co/dWSppuD3Tb",TweetDeck,false,false,,,,,,,89,109,,false,es,2017-02-20 01:04:02 +0000,2017-02-22 05:07:52 +0000,2017-02-22 05:07:52 +0000
11177,4,13,833476587609800706,Pence le dijo al presidente Poroshenko que EE.UU. est√° comprometido a ayudar a Ucrania para que se logre la paz.https://t.co/NdCTlGPeEP,TweetDeck,false,false,,,,,,,63,39,,false,es,2017-02-20 00:41:18 +0000,2017-02-22 05:07:52 +0000,2017-02-22 05:07:52 +0000